INSERT INTO `color` (`id`, `name`, `created_at`, `updated_at`) VALUES
(1, 'Negro y Blanco', '2023-07-06 11:33:45', '2023-07-07 08:30:56'),
(2, 'Negro', '2023-07-06 11:33:51', '2023-07-06 11:33:51'),
(5, 'Blanco', '2023-07-06 11:39:42', '2023-07-06 11:39:42'),
(4, 'Gris', '2023-07-06 11:34:04', '2023-07-07 10:57:05'),
(13, 'Rubio', '2023-07-07 10:57:27', '2023-07-07 10:57:27'),
(14, 'Dorado', '2023-07-07 10:57:37', '2023-07-07 10:57:37'),
(18, 'champan', '2023-07-07 10:57:37', '2023-07-07 10:57:37'),
(16, 'Amarillo', '2023-07-07 10:58:02', '2023-07-07 10:58:02'),
(17, 'Pardo', '2023-07-07 10:58:24', '2023-07-07 10:58:24');

INSERT INTO `dog` (`id`, `name`, `weight`, `age`, `image`, `race_id`, `color_id`, `size_id`, `created_at`, `updated_at`) VALUES
(12, 'Sultan', '16', 12, '1688735569_sultan.jpg', 9, 2, 5, '2023-07-07 11:12:49', '2023-07-07 11:12:49'),
(11, 'Chiqui', '3', 7, '1688735507_labrador.jpg', 5, 2, 1, '2023-07-07 11:11:47', '2023-07-07 11:11:47'),
(9, 'Firulay', '12', 10, '1688735417_buldog.jpg', 7, 2, 2, '2023-07-07 11:10:17', '2023-07-07 11:10:17'),
(10, 'kady', '17', 13, '1688735460_golden.jpg', 6, 18, 5, '2023-07-07 11:11:00', '2023-07-07 11:11:00'),
(8, 'Yaky', '10', 7, '1688735272_pastor-aleman.jpg', 1, 16, 2, '2023-07-07 11:07:52', '2023-07-07 11:07:52'),
(13, 'Moti', '3', 20, '1688735608_moti.jpg', 3, 5, 1, '2023-07-07 11:13:28', '2023-07-07 11:13:28');


INSERT INTO `race` (`id`, `name`, `created_at`, `updated_at`) VALUES
(1, 'Pastor Aleman', '2023-07-06 11:44:09', '2023-07-07 11:01:12'),
(2, 'Terriers', '2023-07-06 11:44:23', '2023-07-06 11:44:23'),
(3, 'Sabuesos', '2023-07-06 11:44:34', '2023-07-06 11:45:11'),
(5, 'Labrador Retriever', '2023-07-07 10:59:21', '2023-07-07 10:59:21'),
(6, 'Golden Retriever', '2023-07-07 11:02:30', '2023-07-07 11:02:30'),
(7, 'Bulldog Inglés', '2023-07-07 11:03:01', '2023-07-07 11:03:01'),
(8, 'Poodle (Caniche)', '2023-07-07 11:04:26', '2023-07-07 11:04:26'),
(9, 'Beagle', '2023-07-07 11:04:44', '2023-07-07 11:04:44');


INSERT INTO `size` (`id`, `name`, `scale`, `created_at`, `updated_at`) VALUES
(1, 'Pequeño', '10-20 cm', '2023-07-06 11:33:39', '2023-07-06 11:33:39'),
(2, 'Mediano', '20-80 cm', '2023-07-06 11:34:28', '2023-07-06 11:34:28'),
(5, 'Grande', '50-60 cm', '2023-07-07 11:05:32', '2023-07-07 11:05:32');


